id,name,artist,playlist_id,danceability,energy,valence,tempo
0DwClY2t9YAWHBROMIgrXb,Ho Hey,The Lumineers,3Pi10mDjLzhvpM4XZCz26v,,,,
6mFkJmJqdDVQ1REhVfGgd1,Wish You Were Here,Pink Floyd,3Pi10mDjLzhvpM4XZCz26v,,,,
5ihS6UUlyQAfmp48eSkxuQ,Landslide,Fleetwood Mac,3Pi10mDjLzhvpM4XZCz26v,,,,
6ORqU0bHbVCRjXm9AjyHyZ,Good Riddance (Time of Your Life),Green Day,3Pi10mDjLzhvpM4XZCz26v,,,,
2dk1fsLg7YEsKJdVm4P5cu,Saturday Mornings (feat. Lil Wayne),Cordae,3Pi10mDjLzhvpM4XZCz26v,,,,
18GiV1BaXzPVYpp9rmOg0E,Blowin' in the Wind,Bob Dylan,3Pi10mDjLzhvpM4XZCz26v,,,,
3E7dfMvvCLUddWissuqMwr,Party In The U.S.A.,Miley Cyrus,6sLKqrUF3TEfcMkcS6P3gu,,,,
5PsMbxhgWpJMsouEfDTX6r,Locked out of Heaven,Bruno Mars,6sLKqrUF3TEfcMkcS6P3gu,,,,
65YsalQBmQCzIPaay72CzQ,Diamonds,Rihanna,6sLKqrUF3TEfcMkcS6P3gu,,,,
5BSndweF91KDqyxANsZcQH,Ho Hey,The Lumineers,6sLKqrUF3TEfcMkcS6P3gu,,,,
190jyVPHYjAqEaOGmMzdyk,Beauty And A Beat,Justin Bieber,6sLKqrUF3TEfcMkcS6P3gu,,,,
4P0osvTXoSYZZC2n8IFH3c,Payphone,Maroon 5,6sLKqrUF3TEfcMkcS6P3gu,,,,
6KOEK6SeCEZOQkLj5M1PxH,California Gurls,Katy Perry,6sLKqrUF3TEfcMkcS6P3gu,,,,
6Knv6wdA0luoMUuuoYi2i1,My House,Flo Rida,6sLKqrUF3TEfcMkcS6P3gu,,,,
0CAfXk7DXMnon4gLudAp7J,Low (feat. T-Pain),Flo Rida,6sLKqrUF3TEfcMkcS6P3gu,,,,
3wJIAMuPdEoBddWlovWXCX,One More Night,Maroon 5,6sLKqrUF3TEfcMkcS6P3gu,,,,
2H1047e0oMSj10dgp7p2VG,I Gotta Feeling,Black Eyed Peas,6sLKqrUF3TEfcMkcS6P3gu,,,,
1CmUZGtH29Kx36C1Hleqlz,Thrift Shop (feat. Wanz),Macklemore & Ryan Lewis,6sLKqrUF3TEfcMkcS6P3gu,,,,
054ue8u2erwwGNgSIZLEPq,Scream & Shout,will.i.am,6sLKqrUF3TEfcMkcS6P3gu,,,,
6qOEjO2IUD7PjtpsXawq0d,Girl On Fire,Alicia Keys,6sLKqrUF3TEfcMkcS6P3gu,,,,
1oF75Qbv8UvOBm1imUAE51,Don't You Worry Child (Radio Edit) [feat. John Martin],Swedish House Mafia,6sLKqrUF3TEfcMkcS6P3gu,,,,
0uZ0orE84drZZzPKxCWSmR,Little Talks,Of Monsters and Men,6sLKqrUF3TEfcMkcS6P3gu,,,,
3kyxRga5wDGbKdmxXssbps,I Will Wait,Mumford & Sons,6sLKqrUF3TEfcMkcS6P3gu,,,,
6VvLaPlFhhSNHKk4exLUx8,Radioactive,Imagine Dragons,6sLKqrUF3TEfcMkcS6P3gu,,,,
7gpy7sfWPNuOKmUNs3XQYE,Carry On,fun.,6sLKqrUF3TEfcMkcS6P3gu,,,,
6TwfdLbaxTKzQi3AgsZNzx,Daylight,Maroon 5,6sLKqrUF3TEfcMkcS6P3gu,,,,
25n4NECujqOxQHdXVIVc9I,Heart Attack,Demi Lovato,6sLKqrUF3TEfcMkcS6P3gu,,,,
1qHaLcG3LOeh6ZB8vii5ZZ,Just Give Me a Reason,P!nk,6sLKqrUF3TEfcMkcS6P3gu,,,,
6MiqdbagcOqDMxhovDOIpF,Troublemaker (feat. Flo Rida),Olly Murs,6sLKqrUF3TEfcMkcS6P3gu,,,,
0nJW01T7XtvILxQgC5J7Wh,When I Was Your Man,Bruno Mars,6sLKqrUF3TEfcMkcS6P3gu,,,,
3bidbhpOYeV4knp8AIu8Xn,Can't Hold Us (feat. Ray Dalton),Macklemore,6sLKqrUF3TEfcMkcS6P3gu,,,,
1lb0sQGUjzJhkNNU6srjeZ,Feel This Moment (feat. Christina Aguilera),Pitbull,6sLKqrUF3TEfcMkcS6P3gu,,,,
6csiA8EczbxAHDewDL7QQl,The Way,Ariana Grande,6sLKqrUF3TEfcMkcS6P3gu,,,,
0fuP0ykgrDSxk5odNU7Gy2,22,Taylor Swift,6sLKqrUF3TEfcMkcS6P3gu,,,,
7Gkphzdh5ouurEt7JT49Yu,Come & Get It,Selena Gomez,6sLKqrUF3TEfcMkcS6P3gu,,,,
2Foc5Q5nqNiosCNqttzHof,Get Lucky (Radio Edit) [feat. Pharrell Williams and Nile Rodgers],Pharrell Williams,6sLKqrUF3TEfcMkcS6P3gu,,,,
4CLZ3D2RCI5ZCfB51D6NwB,The Other Side,Jason Derulo,6sLKqrUF3TEfcMkcS6P3gu,,,,
0HnaqUxvHP5LaWdmWwJpiS,Love Somebody,Maroon 5,6sLKqrUF3TEfcMkcS6P3gu,,,,
1fzJyTCKeZuTSLByCsLRHl,Safe And Sound,Capital Cities,6sLKqrUF3TEfcMkcS6P3gu,,,,
4QRZirU4s1f30iDHzuKncj,Wake Me Up,Avicii,6sLKqrUF3TEfcMkcS6P3gu,,,,
3XSczvk4MRteOw4Yx3lqMU,Roar,Katy Perry,6sLKqrUF3TEfcMkcS6P3gu,,,,
1fh2TfUOtOoXEE8qQynYEC,Counting Stars,OneRepublic,6sLKqrUF3TEfcMkcS6P3gu,,,,
3LlAyCYU26dvFZBDUIMb7a,Demons,Imagine Dragons,6sLKqrUF3TEfcMkcS6P3gu,,,,
63LAR8TGAGvpfLLM8Z1weo,Applause,Lady Gaga,6sLKqrUF3TEfcMkcS6P3gu,,,,
6GmUVqe73u5YRfUUynZK6I,Let Her Go,Passenger,6sLKqrUF3TEfcMkcS6P3gu,,,,
01TuObJVd7owWchVRuQbQw,#thatPOWER,will.i.am,6sLKqrUF3TEfcMkcS6P3gu,,,,
3tCwjWLicbjsMCvXhN0WOE,Rude,MAGIC!,6sLKqrUF3TEfcMkcS6P3gu,,,,
7wMq5n8mYSKlQIGECKUgTX,Hall of Fame (feat. will.i.am),The Script,6sLKqrUF3TEfcMkcS6P3gu,,,,
1nInOsHbtotAmEOQhtvnzP,Stronger (What Doesn't Kill You),Kelly Clarkson,6sLKqrUF3TEfcMkcS6P3gu,,,,
1xznGGDReH1oQq0xzbwXa3,One Dance,Drake,6sLKqrUF3TEfcMkcS6P3gu,,,,
0r4SsYcwvd8URat6AS2m6f,Lush Life,Zara Larsson,6sLKqrUF3TEfcMkcS6P3gu,,,,
1eq1wUnLVLg4pdEfx9kajC,Rolling in the Deep,Adele,6sLKqrUF3TEfcMkcS6P3gu,,,,
7a86XRg84qjasly9f6bPSD,We Are Young (feat. Janelle Monáe),fun.,6sLKqrUF3TEfcMkcS6P3gu,,,,
0TRmtiR9q6XnYDzXmoMpGC,All My Heroes - Radio Edit,Naeleck,6sLKqrUF3TEfcMkcS6P3gu,,,,
12lZTPlXwUtrQuhEty6098,Raise Your Glass,P!nk,6sLKqrUF3TEfcMkcS6P3gu,,,,
3U4isOIWM3VvDubwSI3y7a,All of Me,John Legend,6sLKqrUF3TEfcMkcS6P3gu,,,,
1JsUAmsjNz6oGuRTFG93qH,Work from Home (feat. Ty Dolla $ign),Fifth Harmony,6sLKqrUF3TEfcMkcS6P3gu,,,,
6KI1ZpZWYAJLvmVhCJz65G,You Don't Own Me (feat. G-Eazy),SAYGRACE,6sLKqrUF3TEfcMkcS6P3gu,,,,
62NVyyEBiRxGae3SeB97nl,Stay With Me,Sam Smith,6sLKqrUF3TEfcMkcS6P3gu,,,,
48PjUtv28kYbsX0DsA5FBZ,Mirrors - Radio Edit,Justin Timberlake,6sLKqrUF3TEfcMkcS6P3gu,,,,
7yq4Qj7cqayVTp3FF9CWbm,Riptide,Vance Joy,6sLKqrUF3TEfcMkcS6P3gu,,,,
0IqKeD8ZSP72KbGYyzEcAs,Take Me To Church,Hozier,6sLKqrUF3TEfcMkcS6P3gu,,,,
5uCax9HTNlzGybIStD3vDh,Say You Won't Let Go,James Arthur,6sLKqrUF3TEfcMkcS6P3gu,,,,
0TDLuuLlV54CkRRUOahJb4,Titanium (feat. Sia),David Guetta,6sLKqrUF3TEfcMkcS6P3gu,,,,
14fmbvjYLqRZEXz1VZdM2M,We Found Love,Rihanna,6sLKqrUF3TEfcMkcS6P3gu,,,,
5S1yeuswEPofFOCkMFLNLc,Like A G6,Far East Movement,6sLKqrUF3TEfcMkcS6P3gu,,,,
0bg6otrW5gxNnlCqrCrXyd,Dynamite,Taio Cruz,6sLKqrUF3TEfcMkcS6P3gu,,,,
3oHNJECGN3bBoGXejlw2b1,Last Friday Night (T.G.I.F.),Katy Perry,6sLKqrUF3TEfcMkcS6P3gu,,,,
7gKIt3rDGIMJDFVSPBnGmj,Super Bass,Nicki Minaj,6sLKqrUF3TEfcMkcS6P3gu,,,,
5FTCKvxzqy72ceS4Ujux4N,What's My Name?,Rihanna,6sLKqrUF3TEfcMkcS6P3gu,,,,
4uQY80TKE1u4ZQZQKHzVEi,The One That Got Away,Katy Perry,6sLKqrUF3TEfcMkcS6P3gu,,,,
47hs3xNT3iOGvgmC4eXBAi,Coming Home,Diddy - Dirty Money,6sLKqrUF3TEfcMkcS6P3gu,,,,
1CNJyTUh56oj3OCZOZ5way,Party Rock Anthem,LMFAO,6sLKqrUF3TEfcMkcS6P3gu,,,,
1mXuMM6zjPgjL4asbBsgnt,Firework,Katy Perry,6sLKqrUF3TEfcMkcS6P3gu,,,,
4QNpBfC0zvjKqPJcyqBy9W,Give Me Everything (feat. Nayer),Pitbull,6sLKqrUF3TEfcMkcS6P3gu,,,,
7jEUxosffRXOZ7rNSajygF,Moves Like Jagger - Studio Recording From The Voice Performance,Maroon 5,6sLKqrUF3TEfcMkcS6P3gu,,,,
386RUes7n1uM1yfzgeUuwp,The Lazy Song,Bruno Mars,6sLKqrUF3TEfcMkcS6P3gu,,,,
5jaz6aiRknA63NIYWdbr2O,We R Who We R,Kesha,6sLKqrUF3TEfcMkcS6P3gu,,,,
4u26EevCNXMhlvE1xFBJwX,If I Die Young,The Band Perry,6sLKqrUF3TEfcMkcS6P3gu,,,,
0BgRaFy7qnwT1PuUmSTFkf,Stereo Hearts (feat. Adam Levine),Gym Class Heroes,6sLKqrUF3TEfcMkcS6P3gu,,,,
0UEy0vG9u6kmFMslgkEtvj,jar of hearts,Christina Perri,6sLKqrUF3TEfcMkcS6P3gu,,,,
5tXyNhNcsnn7HbcABntOSf,DJ Got Us Fallin' In Love (feat. Pitbull),USHER,6sLKqrUF3TEfcMkcS6P3gu,,,,
4GgOvZJ1vL1f6QTaPJdxXP,Without You - feat. Usher,David Guetta,6sLKqrUF3TEfcMkcS6P3gu,,,,
7LJommP4aYbHwe6zPzpLyi,Who Says,Selena Gomez & The Scene,6sLKqrUF3TEfcMkcS6P3gu,,,,
4wCmqSrbyCgxEXROQE6vtV,Somebody That I Used To Know,Gotye,6sLKqrUF3TEfcMkcS6P3gu,,,,
0iyEaciAmtiv8xMkBg97Fy,Payphone,Maroon 5,6sLKqrUF3TEfcMkcS6P3gu,,,,
1OXfWI3FQMdsKKC6lkvzSx,Glad You Came,The Wanted,6sLKqrUF3TEfcMkcS6P3gu,,,,
59RSrxkSKSixEWBAIvE5Wa,Starships,Nicki Minaj,6sLKqrUF3TEfcMkcS6P3gu,,,,
5Z7ygHQo02SUrFmcgpwsKW,Wild Ones (feat. Sia),Flo Rida,6sLKqrUF3TEfcMkcS6P3gu,,,,
3CKCZ9pfwAfoMZlMncA1Nc,Set Fire to the Rain,Adele,6sLKqrUF3TEfcMkcS6P3gu,,,,
5JLv62qFIS1DR3zGEcApRt,Wide Awake,Katy Perry,6sLKqrUF3TEfcMkcS6P3gu,,,,
3NcO4jGK1Opb5ea0mYLpxb,Good Feeling,Flo Rida,6sLKqrUF3TEfcMkcS6P3gu,,,,
3tyPOhuVnt5zd5kGfxbCyL,Where Have You Been,Rihanna,6sLKqrUF3TEfcMkcS6P3gu,,,,
5JGxJFdgOQdJZdmyEzDtTj,Everybody Talks,Neon Trees,6sLKqrUF3TEfcMkcS6P3gu,,,,
05pKAafT85jeeNhZ6kq7HT,I Won't Give Up,Jason Mraz,6sLKqrUF3TEfcMkcS6P3gu,,,,
02GjIfCpwttPAikjm5Hwcb,Good Time,Owl City,6sLKqrUF3TEfcMkcS6P3gu,,,,
3sP3c86WFjOzHHnbhhZcLA,Give Your Heart a Break,Demi Lovato,6sLKqrUF3TEfcMkcS6P3gu,,,,
1gihuPhrLraKYrJMAEONyc,Feel So Close - Radio Edit,Calvin Harris,6sLKqrUF3TEfcMkcS6P3gu,,,,
4gbVRS8gloEluzf0GzDOFc,Maps,Maroon 5,6sLKqrUF3TEfcMkcS6P3gu,,,,
7vS3Y0IKjde7Xg85LWIEdP,Problem,Ariana Grande,6sLKqrUF3TEfcMkcS6P3gu,,,,
48RrDBpOSSl1aLVCalGl5C,The Monster,Eminem,6sLKqrUF3TEfcMkcS6P3gu,,,,
1oew3nFNY3vMacJAsvry0S,Me And My Broken Heart,Rixton,6sLKqrUF3TEfcMkcS6P3gu,,,,
5jrdCoLpJSvHHorevXBATy,Dark Horse,Katy Perry,6sLKqrUF3TEfcMkcS6P3gu,,,,
2QtJA4gbwe1AcanB2p21aP,Stay The Night - Featuring Hayley Williams Of Paramore,Zedd,6sLKqrUF3TEfcMkcS6P3gu,,,,
3oiMJQAWVaxSubJ7b2VUtX,Fancy,Iggy Azalea,6sLKqrUF3TEfcMkcS6P3gu,,,,
0ifSeVGUr7py5GggttDhXw,All About That Bass,Meghan Trainor,6sLKqrUF3TEfcMkcS6P3gu,,,,
2D4dV2KXDTszzJ3p3cFqhA,Less Than Zero,The Weeknd,1G37wpWmj5Pzi28A2LcdTt,,,,
1qrpoAMXodY6895hGKoUpA,You Belong With Me (Taylor’s Version),Taylor Swift,1G37wpWmj5Pzi28A2LcdTt,,,,
5QMsat8Komzj3TQgyGTAlN,4:44,JAY-Z,1G37wpWmj5Pzi28A2LcdTt,,,,
3w3y8KPTfNeOKPiqUTakBh,Locked out of Heaven,Bruno Mars,1G37wpWmj5Pzi28A2LcdTt,,,,
6b8Be6ljOzmkOmFslEb23P,24K Magic,Bruno Mars,1G37wpWmj5Pzi28A2LcdTt,,,,
2oENJa1T33GJ0w8dC167G4,Fire Burning,Sean Kingston,1G37wpWmj5Pzi28A2LcdTt,,,,
6I9VzXrHxO9rA9A5euc8Ak,Toxic,Britney Spears,1G37wpWmj5Pzi28A2LcdTt,,,,
1tSjFlsXMVAyjmMRGxj2Lc,Empire State Of Mind,JAY-Z,1G37wpWmj5Pzi28A2LcdTt,,,,
3xrn9i8zhNZsTtcoWgQEAd,Since U Been Gone,Kelly Clarkson,1G37wpWmj5Pzi28A2LcdTt,,,,
3MjUtNVVq3C8Fn0MP3zhXa,...Baby One More Time,Britney Spears,1G37wpWmj5Pzi28A2LcdTt,,,,
6naxalmIoLFWR0siv8dnQQ,Oops!...I Did It Again,Britney Spears,1G37wpWmj5Pzi28A2LcdTt,,,,
6Rb0ptOEjBjPPQUlQtQGbL,Hotel Room Service,Pitbull,1G37wpWmj5Pzi28A2LcdTt,,,,
7kUOJYN2ynGfTYNlgNLpgY,Bad Romance,Lady Gaga,1G37wpWmj5Pzi28A2LcdTt,,,,
0ZUo4YjG4saFnEJhdWp9Bt,Before He Cheats,Carrie Underwood,1G37wpWmj5Pzi28A2LcdTt,,,,
3oVVFLLZPuRepSkcwgQ294,Mr. Saxobeat,Masove,1G37wpWmj5Pzi28A2LcdTt,,,,
3jjujdWJ72nww5eGnfs2E7,Adore You,Harry Styles,1G37wpWmj5Pzi28A2LcdTt,,,,
6YuFv5d7iGeNnFMu6xphZl,Sober,Childish Gambino,1G37wpWmj5Pzi28A2LcdTt,,,,
6MF4tRr5lU8qok8IKaFOBE,Under The Sun (with J. Cole & Lute feat. DaBaby),Dreamville,1G37wpWmj5Pzi28A2LcdTt,,,,
2HbKqm4o0w5wEeEFXm2sD4,Money Trees,Kendrick Lamar,1G37wpWmj5Pzi28A2LcdTt,,,,
0XRbYXQUymj9SJkrr8YK5B,Keep Ya Head Up,2Pac,1G37wpWmj5Pzi28A2LcdTt,,,,
51EC3I1nQXpec4gDk0mQyP,90210 (feat. Kacy Hill),Travis Scott,1G37wpWmj5Pzi28A2LcdTt,,,,
5cc9Zbfp9u10sfJeKZ3h16,3005,Childish Gambino,1G37wpWmj5Pzi28A2LcdTt,,,,
15EPc80XuFrb2LmOzGjuRg,Crew (feat. Brent Faiyaz & Shy Glizzy),GoldLink,1G37wpWmj5Pzi28A2LcdTt,,,,
1By2VQkUN0Frd8mKNV5NYC,Better Than Revenge,Taylor Swift,1G37wpWmj5Pzi28A2LcdTt,,,,
4lIxdJw6W3Fg4vUIYCB0S5,Style,Taylor Swift,1G37wpWmj5Pzi28A2LcdTt,,,,
3Uo7WG0vmLQ07WB4BDwy7D,willow,Taylor Swift,1G37wpWmj5Pzi28A2LcdTt,,,,
4R2kfaDFhslZEMJqAFNpdd,cardigan,Taylor Swift,1G37wpWmj5Pzi28A2LcdTt,,,,
4pvb0WLRcMtbPGmtejJJ6y,exile (feat. Bon Iver),Taylor Swift,1G37wpWmj5Pzi28A2LcdTt,,,,
3hUxzQpSfdDqwM3ZTFQY0K,august,Taylor Swift,1G37wpWmj5Pzi28A2LcdTt,,,,
0VE4kBnHJUgtMf0dy6DRmW,Getaway Car,Taylor Swift,1G37wpWmj5Pzi28A2LcdTt,,,,
5enxwA8aAbwZbf5qCHORXi,All Too Well (10 Minute Version) (Taylor's Version) (From The Vault),Taylor Swift,1G37wpWmj5Pzi28A2LcdTt,,,,
1Ov37jtRQ2YNAe8HzfczkL,Wildest Dreams (Taylor's Version),Taylor Swift,1G37wpWmj5Pzi28A2LcdTt,,,,
02Zkkf2zMkwRGQjZ7T4p8f,Anti-Hero,Taylor Swift,1G37wpWmj5Pzi28A2LcdTt,,,,
4g2c7NoTWAOSYDy44l9nub,Lavender Haze,Taylor Swift,1G37wpWmj5Pzi28A2LcdTt,,,,
199E1RRrVmVTQqBXih5qRC,Maroon,Taylor Swift,1G37wpWmj5Pzi28A2LcdTt,,,,
1LLXZFeAHK9R4xUramtUKw,London Boy,Taylor Swift,1G37wpWmj5Pzi28A2LcdTt,,,,
04S1pkp1VaIqjg8zZqknR5,Enchanted,Taylor Swift,1G37wpWmj5Pzi28A2LcdTt,,,,
6HU7h9RYOaPRFeh0R3UeAr,deja vu,Olivia Rodrigo,1G37wpWmj5Pzi28A2LcdTt,,,,
5CZ40GBx1sQ9agT82CLQCT,traitor,Olivia Rodrigo,1G37wpWmj5Pzi28A2LcdTt,,,,
2tGvwE8GcFKwNdAXMnlbfl,happier,Olivia Rodrigo,1G37wpWmj5Pzi28A2LcdTt,,,,
6SRsiMl7w1USE4mFqrOhHC,brutal,Olivia Rodrigo,1G37wpWmj5Pzi28A2LcdTt,,,,
1Z4atpdoHSHMkCn4cPm7Do,Love Galore (feat. Travis Scott),SZA,1G37wpWmj5Pzi28A2LcdTt,,,,
0LS7HtDi9cvtXkfFs6xSMG,Redbone,Childish Gambino,1G37wpWmj5Pzi28A2LcdTt,,,,
61T2H6w0ggQdhCvVegLl99,God's Plan,Drake,1G37wpWmj5Pzi28A2LcdTt,,,,
5GXAXm5YOmYT0kL5jHvYBt,I Feel It Coming,The Weeknd,1G37wpWmj5Pzi28A2LcdTt,,,,
7zUEAYmAy98AZ1See3m8l8,Starboy,The Weeknd,1G37wpWmj5Pzi28A2LcdTt,,,,
5Z3GHaZ6ec9bsiI5BenrbY,Young Dumb & Broke,Khalid,1G37wpWmj5Pzi28A2LcdTt,,,,
12VWzyPDBCc8fqeWCAfNwR,One Dance,Drake,1G37wpWmj5Pzi28A2LcdTt,,,,
1WIfWj5skn5UUZTs4cEFBe,Location,Khalid,1G37wpWmj5Pzi28A2LcdTt,,,,
2QjOHCTQ1Jl3zawyYOpxh6,Sweater Weather,The Neighbourhood,1G37wpWmj5Pzi28A2LcdTt,,,,
59dLtGBS26x7kc0rHbaPrq,Nothin' on You (feat. Bruno Mars),B.o.B,1G37wpWmj5Pzi28A2LcdTt,,,,
0P6AWOA4LG1XOctzaVu5tt,The Weekend - Funk Wav Remix,SZA,1G37wpWmj5Pzi28A2LcdTt,,,,
09aetZ3AsciHWEPR9gR7aq,Alright,Kendrick Lamar,1G37wpWmj5Pzi28A2LcdTt,,,,
79esEXlqqmq0GPz0xQSZTV,Lost In Japan,Shawn Mendes,1G37wpWmj5Pzi28A2LcdTt,,,,
15gVYensbJgM9QDIFjB01c,24K Magic,Bruno Mars,1G37wpWmj5Pzi28A2LcdTt,,,,
6wj7wjtegmkziorQ2tt5Pz,Dance Now (feat. Kenny Mason),JID,1G37wpWmj5Pzi28A2LcdTt,,,,
3S68RFe1lsdCdTMPIMJM3X,Cash In Cash Out,Pharrell Williams,1G37wpWmj5Pzi28A2LcdTt,,,,
0zo4aX57COch7Wh3NRImTM,Heartbeat,Childish Gambino,1G37wpWmj5Pzi28A2LcdTt,,,,
0JuSGEldfovcc8IS9va1wa,Believe What I Say,Kanye West,1G37wpWmj5Pzi28A2LcdTt,,,,
22UDw8rSfLbUsaAGTXQ4Z8,American Boy,Estelle,1G37wpWmj5Pzi28A2LcdTt,,,,
2ZWlPOoWh0626oTaHrnl2a,Ivy,Frank Ocean,1G37wpWmj5Pzi28A2LcdTt,,,,
3QLjDkgLh9AOEHlhQtDuhs,Best I Ever Had,Drake,1G37wpWmj5Pzi28A2LcdTt,,,,
2LBqCSwhJGcFQeTHMVGwy3,Die For You,The Weeknd,1G37wpWmj5Pzi28A2LcdTt,,,,
3cjF2OFRmip8spwZYQRKxP,Feel No Ways,Drake,1G37wpWmj5Pzi28A2LcdTt,,,,
3F5CgOj3wFlRv51JsHbxhe,Jimmy Cooks (feat. 21 Savage),Drake,1G37wpWmj5Pzi28A2LcdTt,,,,
0wwPcA6wtMf6HUMpIRdeP7,Hotline Bling,Drake,1G37wpWmj5Pzi28A2LcdTt,,,,
2BcMwX1MPV6ZHP4tUT9uq6,Knife Talk (with 21 Savage ft. Project Pat),Drake,1G37wpWmj5Pzi28A2LcdTt,,,,
0mCVNGC4Vvb6gDDQrDpaRh,Les,Childish Gambino,1G37wpWmj5Pzi28A2LcdTt,,,,
7vgTNTaEz3CsBZ1N4YQalM,Ghost Town,Kanye West,1G37wpWmj5Pzi28A2LcdTt,,,,
5QO79kh1waicV47BqGRL3g,Save Your Tears,The Weeknd,1G37wpWmj5Pzi28A2LcdTt,,,,
33SNO8AaciGbNaQFkxvPrW,Kiwi,Harry Styles,1G37wpWmj5Pzi28A2LcdTt,,,,
31tf1qEai5o5f4r66Kd0pU,Me and Your Mama,Childish Gambino,1G37wpWmj5Pzi28A2LcdTt,,,,
1dGr1c8CrMLDpV6mPbImSI,Lover,Taylor Swift,1G37wpWmj5Pzi28A2LcdTt,,,,
5nujrmhLynf4yMoMtj8AQF,Levitating (feat. DaBaby),Dua Lipa,1G37wpWmj5Pzi28A2LcdTt,,,,
3GZD6HmiNUhxXYf8Gch723,Lost,Frank Ocean,1G37wpWmj5Pzi28A2LcdTt,,,,
3Dwq1oiOFys6Sxr5SslmXw,Carolina,Harry Styles,1G37wpWmj5Pzi28A2LcdTt,,,,
5IhzJOXNE7ki0IIJbZbnGq,Canyon Moon,Harry Styles,1G37wpWmj5Pzi28A2LcdTt,,,,
0SA0mMXWh23raZ6xzOCU2V,She,"Tyler, The Creator",1G37wpWmj5Pzi28A2LcdTt,,,,
4osgfFTICMkcGbbigdsa53,Novacane,Frank Ocean,1G37wpWmj5Pzi28A2LcdTt,,,,
5bgwqaRSS3M8WHWruHgSL5,8TEEN,Khalid,1G37wpWmj5Pzi28A2LcdTt,,,,
7yHqOZfsXYlicyoMt62yC6,Heaven Falls / Fall on Me,Surfaces,1G37wpWmj5Pzi28A2LcdTt,,,,
6pYNq0ZwpPVazKzsqpf0G8,The Very First Night (Taylor's Version) (From The Vault),Taylor Swift,1G37wpWmj5Pzi28A2LcdTt,,,,
5wjmqUGN7vrAqFqDWrywlZ,Midnight Memories,One Direction,1G37wpWmj5Pzi28A2LcdTt,,,,
2Yer0p7uB2lVBUAtANuuQp,Magic In The Hamptons (feat. Lil Yachty),Social House,1G37wpWmj5Pzi28A2LcdTt,,,,
1YakuHfzKxjnseCEeVQtrY,Don't Wanna Fall In Love,KYLE,1G37wpWmj5Pzi28A2LcdTt,,,,
5T7ZFtCcOgkpjxcuaeZbw0,Best Song Ever,One Direction,1G37wpWmj5Pzi28A2LcdTt,,,,
6FE2iI43OZnszFLuLtvvmg,Classic,MKTO,1G37wpWmj5Pzi28A2LcdTt,,,,
2gAGWaK4wvt2xrFUlR4mK8,Jukebox Joints (feat. Joe Fox & Kanye West),A$AP Rocky,1G37wpWmj5Pzi28A2LcdTt,,,,
0zLClc0emc6qUeV1p5nc99,No More Parties In LA,Kanye West,1G37wpWmj5Pzi28A2LcdTt,,,,
6PGoSes0D9eUDeeAafB2As,LOVE. FEAT. ZACARI.,Kendrick Lamar,1G37wpWmj5Pzi28A2LcdTt,,,,
1eLU27PPFxBhbp1CBjPh9J,"1Train (feat. Kendrick Lamar, Joey Bada$$, Yelawolf, Danny Brown, Action Bronson & Big K.R.I.T.)",A$AP Rocky,1G37wpWmj5Pzi28A2LcdTt,,,,
0aMHIW1lqrulVCx0LLlr6a,Cocoa Butter Kisses,Chance the Rapper,1G37wpWmj5Pzi28A2LcdTt,,,,
1BxfuPKGuaTgP7aM0Bbdwr,Cruel Summer,Taylor Swift,1G37wpWmj5Pzi28A2LcdTt,,,,
3sNVsP50132BTNlImLx70i,Bound 2,Kanye West,1G37wpWmj5Pzi28A2LcdTt,,,,
2fXwCWkh6YG5zU1IyvQrbs,Broken Clocks,SZA,1G37wpWmj5Pzi28A2LcdTt,,,,
3YJJjQPAbDT7mGpX3WtQ9A,Good Days,SZA,1G37wpWmj5Pzi28A2LcdTt,,,,
7KA4W4McWYRpgf0fWsJZWB,See You Again (feat. Kali Uchis),"Tyler, The Creator",1G37wpWmj5Pzi28A2LcdTt,,,,
4y5bvROuBDPr5fuwXbIBZR,Paper Rings,Taylor Swift,1G37wpWmj5Pzi28A2LcdTt,,,,
51pshtuYkgUQnt5huMPbKL,The Spins,Mac Miller,1G37wpWmj5Pzi28A2LcdTt,,,,
3xVZYkcuWalGudeKl861wb,Smokin Out The Window,Bruno Mars,1G37wpWmj5Pzi28A2LcdTt,,,,
5SkRLpaGtvYPhw02vZhQQ9,All Falls Down,Kanye West,2niKJJBJTcyKCt1FjX8XlX,,,,
1ko2NuvWlQdxtNRc8QQzmT,Spaceship,Kanye West,2niKJJBJTcyKCt1FjX8XlX,,,,
5g1vtHqi9uV7xtYeCcFOBx,Jesus Walks,Kanye West,2niKJJBJTcyKCt1FjX8XlX,,,,
4mmkhcEm1Ljy1U9nwtsxUo,Through The Wire,Kanye West,2niKJJBJTcyKCt1FjX8XlX,,,,
5DBmXF7QO43Cuy9yqva116,Family Business,Kanye West,2niKJJBJTcyKCt1FjX8XlX,,,,
6yIjtVtnOBeC8SwdVHzAuF,Heard 'Em Say,Kanye West,2niKJJBJTcyKCt1FjX8XlX,,,,
2dxjKgT0li4qBI3QwuN9Ih,Touch The Sky,Kanye West,2niKJJBJTcyKCt1FjX8XlX,,,,
46fk9wjYcPm0sgym2b7EEE,We Major,Kanye West,2niKJJBJTcyKCt1FjX8XlX,,,,
46OFHBw45fNi7QNjSetITR,Hey Mama,Kanye West,2niKJJBJTcyKCt1FjX8XlX,,,,
4R5bSS8yoCl2czeWLr61aO,Diamonds From Sierra Leone - Bonus Track,Kanye West,2niKJJBJTcyKCt1FjX8XlX,,,,
5CaXxLM568tBh1PwhXdciZ,Good Morning,Kanye West,2niKJJBJTcyKCt1FjX8XlX,,,,
4jQqM4NI79HEcWHUJb8Hvf,I Wonder,Kanye West,2niKJJBJTcyKCt1FjX8XlX,,,,
31I3Rt1bPa2LrE74DdNizO,Flashing Lights,Kanye West,2niKJJBJTcyKCt1FjX8XlX,,,,
2T8bL4YC49Ska1yl74qcS0,Everything I Am,Kanye West,2niKJJBJTcyKCt1FjX8XlX,,,,
2ovQ5MCx91XVjgVWEPfvks,Homecoming,Kanye West,2niKJJBJTcyKCt1FjX8XlX,,,,
1kxeWHF9PrCVZHvVskv8lg,Love Lockdown,Kanye West,2niKJJBJTcyKCt1FjX8XlX,,,,
0w2piYWj1F2bzUftzGJgK9,Paranoid,Kanye West,2niKJJBJTcyKCt1FjX8XlX,,,,
7yNK27ZTpHew0c55VvIJgm,Dark Fantasy,Kanye West,2niKJJBJTcyKCt1FjX8XlX,,,,
23SZWX2IaDnxmhFsSLvkG2,Gorgeous,Kanye West,2niKJJBJTcyKCt1FjX8XlX,,,,
1ZHYJ2Wwgxes4m8Ba88PeK,Monster,Kanye West,2niKJJBJTcyKCt1FjX8XlX,,,,
1UGD3lW3tDmgZfAVDh6w7r,Devil In A New Dress,Kanye West,2niKJJBJTcyKCt1FjX8XlX,,,,
2Im64pIz6m0EJKdUe6eZ8r,Lost In The World,Kanye West,2niKJJBJTcyKCt1FjX8XlX,,,,
7Ct3wqpGLbNrrG617S00B3,No Church In The Wild,JAY-Z,2niKJJBJTcyKCt1FjX8XlX,,,,
7fQmDkqrrj13kxv4Vle3AM,Ni**as In Paris,JAY-Z,2niKJJBJTcyKCt1FjX8XlX,,,,
0nLcWJB4ir9430ulKxZZhV,Otis,JAY-Z,2niKJJBJTcyKCt1FjX8XlX,,,,
1gqkRc9WtOpnGIqxf2Hvzr,On Sight,Kanye West,2niKJJBJTcyKCt1FjX8XlX,,,,
4cAgkb0ifwn0FSHGXnr4F6,New Slaves,Kanye West,2niKJJBJTcyKCt1FjX8XlX,,,,
5nIu0VwPOsjkF61zfevLKh,Hold My Liquor,Kanye West,2niKJJBJTcyKCt1FjX8XlX,,,,
5nPOM0nFRAJ3XI8xCxNAzO,Guilt Trip,Kanye West,2niKJJBJTcyKCt1FjX8XlX,,,,
4KW1lqgSr8TKrvBII0Brf8,Father Stretch My Hands Pt. 1,Kanye West,2niKJJBJTcyKCt1FjX8XlX,,,,
1Wsbr1d2BouNGk2q92mIj7,Pt. 2,Kanye West,2niKJJBJTcyKCt1FjX8XlX,,,,
19a3JfW8BQwqHWUMbcqSx8,Famous,Kanye West,2niKJJBJTcyKCt1FjX8XlX,,,,
3nAq2hCr1oWsIU54tS98pL,Waves,Kanye West,2niKJJBJTcyKCt1FjX8XlX,,,,
30Zcjs7pgEkmJA1lEbGSWT,FML,Kanye West,2niKJJBJTcyKCt1FjX8XlX,,,,
2CHmgtK8OCL28WtIK96u4N,30 Hours,Kanye West,2niKJJBJTcyKCt1FjX8XlX,,,,
0zLClc0emc6qUeV1p5nc99,No More Parties In LA,Kanye West,2niKJJBJTcyKCt1FjX8XlX,,,,
3cCxoOgfi6hgt8MNteuiiD,Fade,Kanye West,2niKJJBJTcyKCt1FjX8XlX,,,,
1o0kWPueYo94LIjPYOE5Nf,Saint Pablo,Kanye West,2niKJJBJTcyKCt1FjX8XlX,,,,
3U21A07gAloCc4P7J8rxcn,All Mine,Kanye West,2niKJJBJTcyKCt1FjX8XlX,,,,
35KV2Nuib6jPMVN00O8iba,No Mistakes,Kanye West,2niKJJBJTcyKCt1FjX8XlX,,,,
7vgTNTaEz3CsBZ1N4YQalM,Ghost Town,Kanye West,2niKJJBJTcyKCt1FjX8XlX,,,,
3s7MCdXyWmwjdcWh7GWXas,Violent Crimes,Kanye West,2niKJJBJTcyKCt1FjX8XlX,,,,
3aUFrxO1B8EW63QchEl3wX,Feel The Love,KIDS SEE GHOSTS,2niKJJBJTcyKCt1FjX8XlX,,,,
7oHkit3F3vimtsBbnZkU0G,Fire,KIDS SEE GHOSTS,2niKJJBJTcyKCt1FjX8XlX,,,,
6JyEh4kl9DLwmSAoNDRn5b,4th Dimension,KIDS SEE GHOSTS,2niKJJBJTcyKCt1FjX8XlX,,,,
7GRTrWsP3yo2Fx8umJfA1X,Freeee (Ghost Town Pt. 2),KIDS SEE GHOSTS,2niKJJBJTcyKCt1FjX8XlX,,,,
4RVbK6cV0VqWdpCDcx3hiT,Reborn,KIDS SEE GHOSTS,2niKJJBJTcyKCt1FjX8XlX,,,,
4kUZvXB3LC3an3HX6h0s17,Cudi Montage,KIDS SEE GHOSTS,2niKJJBJTcyKCt1FjX8XlX,,,,
2QpGZOhTCHHiKmpSO9FW4h,Follow God,Kanye West,2niKJJBJTcyKCt1FjX8XlX,,,,
2SasoXZyv82yYgHiVOvxQn,On God,Kanye West,2niKJJBJTcyKCt1FjX8XlX,,,,
0oPOuDmmkVp3h6puekhs6P,Use This Gospel,Kanye West,2niKJJBJTcyKCt1FjX8XlX,,,,
1cdC9TCqyLwAlsw3fVJaJS,Soundtrack 2 My Life,Kid Cudi,2niKJJBJTcyKCt1FjX8XlX,,,,
2EHEQx2avP1fNBLJf5UGYy,Solo Dolo (Nightmare),Kid Cudi,2niKJJBJTcyKCt1FjX8XlX,,,,
246SdvVYT3yrZPXU7NSWwy,Heart Of A Lion (Kid Cudi Theme Music),Kid Cudi,2niKJJBJTcyKCt1FjX8XlX,,,,
5FEXPoPnzueFJQCPRIrC3c,Day 'N' Nite (nightmare),Kid Cudi,2niKJJBJTcyKCt1FjX8XlX,,,,
6P9uVc2SxCOAiextf4udxk,Cudi Zone,Kid Cudi,2niKJJBJTcyKCt1FjX8XlX,,,,
5bkhrGvabAPrugPUm7DvsD,Make Her Say,Kid Cudi,2niKJJBJTcyKCt1FjX8XlX,,,,
5iSEsR6NKjlC9SrIJkyL3k,Pursuit Of Happiness (Nightmare),Kid Cudi,2niKJJBJTcyKCt1FjX8XlX,,,,
6MWH4pJQ5QYjidX2A2KECd,Up Up & Away,Kid Cudi,2niKJJBJTcyKCt1FjX8XlX,,,,
6XkuklKiHYVTlVvWlTgQYP,Erase Me - Main,Kid Cudi,2niKJJBJTcyKCt1FjX8XlX,,,,
393MDhe62s8hbH8ETrlxe5,Mr. Rager,Kid Cudi,2niKJJBJTcyKCt1FjX8XlX,,,,
7aAEJfIzJUUSRXQNz2JzfO,GHOST!,Kid Cudi,2niKJJBJTcyKCt1FjX8XlX,,,,
30KctD1WsHKTIYczXjip5a,Tequila Shots,Kid Cudi,2niKJJBJTcyKCt1FjX8XlX,,,,
7Hc3YL8oDiAzbiAW32KXrw,Dive,Kid Cudi,2niKJJBJTcyKCt1FjX8XlX,,,,
2n7Ao4nyESBa5ti8gcAbBt,Damaged,Kid Cudi,2niKJJBJTcyKCt1FjX8XlX,,,,
3Uw2se3aQU1UFrpRBvBnB4,Sept. 16,Kid Cudi,2niKJJBJTcyKCt1FjX8XlX,,,,
2yg7MXp8nSPaf61HVkhEr3,The Void,Kid Cudi,2niKJJBJTcyKCt1FjX8XlX,,,,
3JdwGk8j7lHN5qdzJZklam,Lovin’ Me (feat. Phoebe Bridgers),Kid Cudi,2niKJJBJTcyKCt1FjX8XlX,,,,
4EjbAh7YHU3VARkfkamZ8R,The Pale Moonlight,Kid Cudi,2niKJJBJTcyKCt1FjX8XlX,,,,
2ZDRkJrKbceJRgLKkuex14,4 Da Kidz,Kid Cudi,2niKJJBJTcyKCt1FjX8XlX,,,,
7f2voPcnDEAzX4yB8SLnU2,Lord I Know,Kid Cudi,2niKJJBJTcyKCt1FjX8XlX,,,,
51RN0kzWd7xeR4th5HsEtW,IGOR'S THEME,"Tyler, The Creator",2niKJJBJTcyKCt1FjX8XlX,,,,
0fv2KH6hac06J86hBUTcSf,NEW MAGIC WAND,"Tyler, The Creator",2niKJJBJTcyKCt1FjX8XlX,,,,
1nXZnTALNXiPlvXotqHm66,A BOY IS A GUN*,"Tyler, The Creator",2niKJJBJTcyKCt1FjX8XlX,,,,
1hz7SRTGUNAtIQ46qiNv2p,"GONE, GONE / THANK YOU","Tyler, The Creator",2niKJJBJTcyKCt1FjX8XlX,,,,
5TxRUOsGeWeRl3xOML59Ai,ARE WE STILL FRIENDS?,"Tyler, The Creator",2niKJJBJTcyKCt1FjX8XlX,,,,
5fbHRCsGpFIOLRtlhCRFDR,LEMONHEAD (feat. 42 Dugg),"Tyler, The Creator",2niKJJBJTcyKCt1FjX8XlX,,,,
5B0kgjHULYJhAQkK5XsMoC,WUSYANAME (feat. Youngboy Never Broke Again & Ty Dolla $ign),"Tyler, The Creator",2niKJJBJTcyKCt1FjX8XlX,,,,
3JJL91ilRV6fXhKqu0FGXs,HOT WIND BLOWS (feat. Lil Wayne),"Tyler, The Creator",2niKJJBJTcyKCt1FjX8XlX,,,,
3EG9FJ0ToLfgnc1IG2Z1wz,SWEET / I THOUGHT YOU WANTED TO DANCE (feat. Brent Faiyaz & Fana Hues),"Tyler, The Creator",2niKJJBJTcyKCt1FjX8XlX,,,,
4Hta7Oy5W9HD0UgT1P8PPV,RISE! (feat. DAISY WORLD),"Tyler, The Creator",2niKJJBJTcyKCt1FjX8XlX,,,,
7z4xW9WY86uH3gd1V9pfCM,JUGGERNAUT (feat. Lil Uzi Vert & Pharrell Williams),"Tyler, The Creator",2niKJJBJTcyKCt1FjX8XlX,,,,
7KA4W4McWYRpgf0fWsJZWB,See You Again (feat. Kali Uchis),"Tyler, The Creator",2niKJJBJTcyKCt1FjX8XlX,,,,
21yRtB6B8EMounImAfHRCP,Who Dat Boy (feat. A$AP Rocky),"Tyler, The Creator",2niKJJBJTcyKCt1FjX8XlX,,,,
6ACiYjq5Q7e6BlhZEHz7cd,Garden Shed (feat. Estelle),"Tyler, The Creator",2niKJJBJTcyKCt1FjX8XlX,,,,
5WNYg3usc6H8N3MBEp4zVk,Boredom (feat. Rex Orange County & Anna of the North),"Tyler, The Creator",2niKJJBJTcyKCt1FjX8XlX,,,,
4bEcoz1OcfMgUbp2ft8ieQ,911 / Mr. Lonely (feat. Frank Ocean & Steve Lacy),"Tyler, The Creator",2niKJJBJTcyKCt1FjX8XlX,,,,
2rMFawCg4BW65jzbwztXAV,Oh My Dis Side (feat. Quavo),Travis Scott,2niKJJBJTcyKCt1FjX8XlX,,,,
51EC3I1nQXpec4gDk0mQyP,90210 (feat. Kacy Hill),Travis Scott,2niKJJBJTcyKCt1FjX8XlX,,,,
2dJ4rGtsOHOgvTQawsCRtg,Pray 4 Love (feat. The Weeknd),Travis Scott,2niKJJBJTcyKCt1FjX8XlX,,,,
3xby7fOyqmeON8jsnom0AT,Nightcrawler (feat. Swae Lee & Chief Keef),Travis Scott,2niKJJBJTcyKCt1FjX8XlX,,,,
1wHZx0LgzFHyeIZkUydNXq,Antidote,Travis Scott,2niKJJBJTcyKCt1FjX8XlX,,,,
6Yqmv7XJLCrQEauMbPGZSw,Maria I'm Drunk (feat. Justin Bieber & Young Thug),Travis Scott,2niKJJBJTcyKCt1FjX8XlX,,,,
6scpNkWEmUxmKY7nYjVLsX,Apple Pie,Travis Scott,2niKJJBJTcyKCt1FjX8XlX,,,,
0MRZ9nMoLc7qQ8Nhovv8C8,Ok Alright (feat. ScHoolboy Q),Travis Scott,2niKJJBJTcyKCt1FjX8XlX,,,,
33zbOXJSwW7uf4VXXWow2O,the ends,Travis Scott,2niKJJBJTcyKCt1FjX8XlX,,,,
2Zy7XVdxyZQB8xp5xbpJdl,way back,Travis Scott,2niKJJBJTcyKCt1FjX8XlX,,,,
1Ci4wASMY4xtKVMeHA6Sd5,through the late night,Travis Scott,2niKJJBJTcyKCt1FjX8XlX,,,,
6gBFPUFcJLzWGx4lenP6h2,goosebumps,Travis Scott,2niKJJBJTcyKCt1FjX8XlX,,,,
20dP2DaMHIAmwWAbp7peSr,pick up the phone,Young Thug,2niKJJBJTcyKCt1FjX8XlX,,,,
29TPjc8wxfz4XMn21O7VsZ,Sky,Playboi Carti,3Nud9wWV0NgJaIhxKgA5Yd,,,,
1UGD3lW3tDmgZfAVDh6w7r,Devil In A New Dress,Kanye West,3Nud9wWV0NgJaIhxKgA5Yd,,,,
4EWCNWgDS8707fNSZ1oaA5,Heartless,Kanye West,3Nud9wWV0NgJaIhxKgA5Yd,,,,
3xby7fOyqmeON8jsnom0AT,Nightcrawler (feat. Swae Lee & Chief Keef),Travis Scott,3Nud9wWV0NgJaIhxKgA5Yd,,,,
27a1mYSG5tYg7dmEjWBcmL,CAN'T SAY,Travis Scott,3Nud9wWV0NgJaIhxKgA5Yd,,,,
0UTyLmkQgPOEIz95OVAJTR,range brothers (with Kendrick Lamar),Baby Keem,3Nud9wWV0NgJaIhxKgA5Yd,,,,
3OEjvmEBRrdTYbbrkiXG8a,cocoa (with Don Toliver),Baby Keem,3Nud9wWV0NgJaIhxKgA5Yd,,,,
2lLG56qpLP3UbcLuzMvkWX,Stop Breathing,Playboi Carti,3Nud9wWV0NgJaIhxKgA5Yd,,,,
4KYS9GK68yeuUJ8vJfPxrq,WHO? WHAT!,Travis Scott,3Nud9wWV0NgJaIhxKgA5Yd,,,,
7Ks4VCY1wFebnOdJrM13t6,Wesley's Theory,Kendrick Lamar,3Nud9wWV0NgJaIhxKgA5Yd,,,,
0uxSUdBrJy9Un0EYoBowng,20 Min,Lil Uzi Vert,3Nud9wWV0NgJaIhxKgA5Yd,,,,
7zLMYtNJcabv4h4wBnjNQI,M3tamorphosis (feat. Kid Cudi),Playboi Carti,3Nud9wWV0NgJaIhxKgA5Yd,,,,
5iSEsR6NKjlC9SrIJkyL3k,Pursuit Of Happiness (Nightmare),Kid Cudi,3Nud9wWV0NgJaIhxKgA5Yd,,,,
2xyBvir9n474qfsOkxXMgx,Flex,Playboi Carti,3Nud9wWV0NgJaIhxKgA5Yd,,,,
3DK6m7It6Pw857FcQftMds,Runaway,Kanye West,3Nud9wWV0NgJaIhxKgA5Yd,,,,
1Is8hGpkGMiePASAxBluxM,16,Baby Keem,3Nud9wWV0NgJaIhxKgA5Yd,,,,
3Uw2se3aQU1UFrpRBvBnB4,Sept. 16,Kid Cudi,3Nud9wWV0NgJaIhxKgA5Yd,,,,
5bkhrGvabAPrugPUm7DvsD,Make Her Say,Kid Cudi,3Nud9wWV0NgJaIhxKgA5Yd,,,,
1BpKJw4RZxaFB88NE5uxXf,ILoveUIHateU,Playboi Carti,3Nud9wWV0NgJaIhxKgA5Yd,,,,
1s9DTymg5UQrdorZf43JQm,Fell In Luv (feat. Bryson Tiller),Playboi Carti,3Nud9wWV0NgJaIhxKgA5Yd,,,,
3cWmqvMwVQKDigWLSZ3w9h,Rockstar Made,Playboi Carti,3Nud9wWV0NgJaIhxKgA5Yd,,,,
08dz3ygXyFur6bL7Au8u8J,Over,Playboi Carti,3Nud9wWV0NgJaIhxKgA5Yd,,,,
3yk7PJnryiJ8mAPqsrujzf,Location,Playboi Carti,3Nud9wWV0NgJaIhxKgA5Yd,,,,
1cdC9TCqyLwAlsw3fVJaJS,Soundtrack 2 My Life,Kid Cudi,3Nud9wWV0NgJaIhxKgA5Yd,,,,
5FEXPoPnzueFJQCPRIrC3c,Day 'N' Nite (nightmare),Kid Cudi,3Nud9wWV0NgJaIhxKgA5Yd,,,,
30KctD1WsHKTIYczXjip5a,Tequila Shots,Kid Cudi,3Nud9wWV0NgJaIhxKgA5Yd,,,,
4KW1lqgSr8TKrvBII0Brf8,Father Stretch My Hands Pt. 1,Kanye West,3Nud9wWV0NgJaIhxKgA5Yd,,,,
51EC3I1nQXpec4gDk0mQyP,90210 (feat. Kacy Hill),Travis Scott,3Nud9wWV0NgJaIhxKgA5Yd,,,,
6NMtzpDQBTOfJwMzgMX0zl,SKELETONS,Travis Scott,3Nud9wWV0NgJaIhxKgA5Yd,,,,
4Pwjz3DfvfQWV0rO2V8jyh,"Bitch, Don’t Kill My Vibe",Kendrick Lamar,3Nud9wWV0NgJaIhxKgA5Yd,,,,
7KA4W4McWYRpgf0fWsJZWB,See You Again (feat. Kali Uchis),"Tyler, The Creator",3Nud9wWV0NgJaIhxKgA5Yd,,,,
6KuXb26rHuRy3ZDse1VRmx,Where This Flower Blooms (feat. Frank Ocean),"Tyler, The Creator",3Nud9wWV0NgJaIhxKgA5Yd,,,,
5TxRUOsGeWeRl3xOML59Ai,ARE WE STILL FRIENDS?,"Tyler, The Creator",3Nud9wWV0NgJaIhxKgA5Yd,,,,
5QvBXUm5MglLJ3iBfTX2Wo,RUNNING OUT OF TIME,"Tyler, The Creator",3Nud9wWV0NgJaIhxKgA5Yd,,,,
1vO7XJH8q1LBzobiVwZ2qU,Father Stretch My Hands Pt. 1,Kanye West,3Nud9wWV0NgJaIhxKgA5Yd,,,,
6XkuklKiHYVTlVvWlTgQYP,Erase Me - Main,Kid Cudi,3Nud9wWV0NgJaIhxKgA5Yd,,,,
23SZWX2IaDnxmhFsSLvkG2,Gorgeous,Kanye West,3Nud9wWV0NgJaIhxKgA5Yd,,,,
4EjbAh7YHU3VARkfkamZ8R,The Pale Moonlight,Kid Cudi,3Nud9wWV0NgJaIhxKgA5Yd,,,,
2yg7MXp8nSPaf61HVkhEr3,The Void,Kid Cudi,3Nud9wWV0NgJaIhxKgA5Yd,,,,
6myUpr3GDR80Dg3zqNTmmG,Another Day,Kid Cudi,3Nud9wWV0NgJaIhxKgA5Yd,,,,
3JdwGk8j7lHN5qdzJZklam,Lovin’ Me (feat. Phoebe Bridgers),Kid Cudi,3Nud9wWV0NgJaIhxKgA5Yd,,,,
5GUYJTQap5F3RDQiCOJhrS,Self Control,Frank Ocean,3Nud9wWV0NgJaIhxKgA5Yd,,,,
2ZWlPOoWh0626oTaHrnl2a,Ivy,Frank Ocean,3Nud9wWV0NgJaIhxKgA5Yd,,,,
1D3z6HTiQsNmZxjl7F7eoG,m y . l i f e (with 21 Savage & Morray),J. Cole,3Nud9wWV0NgJaIhxKgA5Yd,,,,
1nNPoG2hygEvrFGlHdhvJ9,Bad News,Kanye West,3Nud9wWV0NgJaIhxKgA5Yd,,,,
6K07Ahf6V7CAQn0ikrOztl,So Appalled,Kanye West,3Nud9wWV0NgJaIhxKgA5Yd,,,,
2cfmPD6XzdbB1HQV16fmIX,no sense,Baby Keem,3Nud9wWV0NgJaIhxKgA5Yd,,,,
34j4OxJxKznBs88cjSL2j9,Never Let Me Down,Kanye West,3Nud9wWV0NgJaIhxKgA5Yd,,,,
62wtttQzoIA9HnNmGVd9Yq,Two Words,Kanye West,3Nud9wWV0NgJaIhxKgA5Yd,,,,
1ko2NuvWlQdxtNRc8QQzmT,Spaceship,Kanye West,3Nud9wWV0NgJaIhxKgA5Yd,,,,
2nBI3iWLhupR7LyAJ5GGkE,Champions,Kanye West,3Nud9wWV0NgJaIhxKgA5Yd,,,,
7KXjTSCq5nL1LoYtL7XAwS,HUMBLE.,Kendrick Lamar,3Nud9wWV0NgJaIhxKgA5Yd,,,,
5bJ1DrEM4hNCafcDd1oxHx,Self Care,Mac Miller,3Nud9wWV0NgJaIhxKgA5Yd,,,,
2cDCojn6uIBM6A5xTAbl3H,m.A.A.d city,Kendrick Lamar,3Nud9wWV0NgJaIhxKgA5Yd,,,,
5TRPicyLGbAF2LGBFbHGvO,Flashing Lights,Kanye West,3Nud9wWV0NgJaIhxKgA5Yd,,,,
0rFpcfF0YfvFUYsl99Bw9d,Soundtrack 2 My Life,Kid Cudi,3Nud9wWV0NgJaIhxKgA5Yd,,,,
5XFoaqV1Z8XaLJidchVWhh,love.,Kid Cudi,3Nud9wWV0NgJaIhxKgA5Yd,,,,
20bJBbPapGQ4bqs0YcA9xY,Just What I Am,Kid Cudi,3Nud9wWV0NgJaIhxKgA5Yd,,,,
2JvzF1RMd7lE3KmFlsyZD8,MIDDLE CHILD,J. Cole,3Nud9wWV0NgJaIhxKgA5Yd,,,,
7ycWLEP1GsNjVvcjawXz3z,Praise The Lord (Da Shine) (feat. Skepta),A$AP Rocky,3Nud9wWV0NgJaIhxKgA5Yd,,,,
6XyxCBp6x3jvtxXvMN5sAA,1539 N. Calvert,JPEGMAFIA,3Nud9wWV0NgJaIhxKgA5Yd,,,,
2g6tReTlM2Akp41g0HaeXN,Die Hard,Kendrick Lamar,3Nud9wWV0NgJaIhxKgA5Yd,,,,
0JuSGEldfovcc8IS9va1wa,Believe What I Say,Kanye West,3Nud9wWV0NgJaIhxKgA5Yd,,,,
7a4hhCV3GlgA7a8wwJBy5B,These Walls,Kendrick Lamar,3Nud9wWV0NgJaIhxKgA5Yd,,,,
6scpNkWEmUxmKY7nYjVLsX,Apple Pie,Travis Scott,3Nud9wWV0NgJaIhxKgA5Yd,,,,
5SWnsxjhdcEDc7LJjq9UHk,Runnin,21 Savage,3Nud9wWV0NgJaIhxKgA5Yd,,,,
5hVghJ4KaYES3BFUATCYn0,EARFQUAKE,"Tyler, The Creator",3Nud9wWV0NgJaIhxKgA5Yd,,,,
7vgTNTaEz3CsBZ1N4YQalM,Ghost Town,Kanye West,3Nud9wWV0NgJaIhxKgA5Yd,,,,
7rElK9aQ3IKPuqjjThwnLm,GHOST!,Kid Cudi,3Nud9wWV0NgJaIhxKgA5Yd,,,,
0N9C80kcgL0xXGduKnYKWi,Love Lost,Mac Miller,3Nud9wWV0NgJaIhxKgA5Yd,,,,
6pcywuOeGGWeOQzdUyti6k,Glock In My Lap,21 Savage,3Nud9wWV0NgJaIhxKgA5Yd,,,,
4KjnaUNYPwGnJjoeTFlt91,Now Or Never - Bonus Track,Kendrick Lamar,3Nud9wWV0NgJaIhxKgA5Yd,,,,
3ODXRUPL44f04cCacwiCLC,i,Kendrick Lamar,3Nud9wWV0NgJaIhxKgA5Yd,,,,
3iVcZ5G6tvkXZkZKlMpIUs,Alright,Kendrick Lamar,3Nud9wWV0NgJaIhxKgA5Yd,,,,
6AdLUPGOVpHT4LAiWYktH0,County Building Blues,Kendrick Lamar,3Nud9wWV0NgJaIhxKgA5Yd,,,,
39NDBdU5Xkm5pCFGa5kZtI,Ladders,Mac Miller,3Nud9wWV0NgJaIhxKgA5Yd,,,,
1AqemxWsT0iGg5Lvkm16Bt,Fukk Sleep (feat. FKA twigs),A$AP Rocky,3Nud9wWV0NgJaIhxKgA5Yd,,,,
4IO2X2YoXoUMv0M2rwomLC,Long Time - Intro,Playboi Carti,3Nud9wWV0NgJaIhxKgA5Yd,,,,
68Dni7IE4VyPkTOH9mRWHr,No Role Modelz,J. Cole,3Nud9wWV0NgJaIhxKgA5Yd,,,,
0mCVNGC4Vvb6gDDQrDpaRh,Les,Childish Gambino,3Nud9wWV0NgJaIhxKgA5Yd,,,,
3dl8bSF08LQfCf4T6CCksf,On That Time,Playboi Carti,3Nud9wWV0NgJaIhxKgA5Yd,,,,
7J8V76XTLhJXAm8hwCQKXG,REBOUND!,JPEGMAFIA,3Nud9wWV0NgJaIhxKgA5Yd,,,,
6Kd4iGylMjrpr1xVbuYKVw,the 27 club,JPEGMAFIA,3Nud9wWV0NgJaIhxKgA5Yd,,,,
0O0q3mDpIZH1BJXBEH5ad8,THOT'S PRAYER!,JPEGMAFIA,3Nud9wWV0NgJaIhxKgA5Yd,,,,
7rbalRuIx7sIXFHYTphE0n,Die4Guy,Playboi Carti,3Nud9wWV0NgJaIhxKgA5Yd,,,,
15JRvf02KKGHKgC31jrpuh,Meh,Playboi Carti,3Nud9wWV0NgJaIhxKgA5Yd,,,,
0oO1AbL92F6329z13C2qQH,Talk,Yeat,3Nud9wWV0NgJaIhxKgA5Yd,,,,
0F13K9dwYH2zpTWiR8d628,Go2DaMoon (feat. Kanye West),Playboi Carti,3Nud9wWV0NgJaIhxKgA5Yd,,,,
6LyAwkJsHlW7RQ8S1cYAtM,Overdue (with Travis Scott),Metro Boomin,3Nud9wWV0NgJaIhxKgA5Yd,,,,
2Ch7LmS7r2Gy2kc64wv3Bz,Die For You,The Weeknd,3Nud9wWV0NgJaIhxKgA5Yd,,,,
58k32my5lKofeZRtIvBDg9,HONEST,Baby Keem,3Nud9wWV0NgJaIhxKgA5Yd,,,,
6GnhWMhgJb7uyiiPEiEkDA,Weekend (feat. Miguel),Mac Miller,3Nud9wWV0NgJaIhxKgA5Yd,,,,
6ABAUBmOyfPtAUU0IpEKJf,The Question,Mac Miller,3Nud9wWV0NgJaIhxKgA5Yd,,,,
1W4qc7UnAuRmT93W8Ad1t1,World Domination,Joey Bada$$,3Nud9wWV0NgJaIhxKgA5Yd,,,,
5yRRYOadrcE3sb2azGFqyu,Cancun Sega Edition,ScrewStache,3Nud9wWV0NgJaIhxKgA5Yd,,,,
46lIt6GmL0VkkbuUyGDbCs,Got Money,Lil Wayne,3Nud9wWV0NgJaIhxKgA5Yd,,,,
50mX6QmpQX4cCsRYJ9fGM3,On Fire,Lil Wayne,3Nud9wWV0NgJaIhxKgA5Yd,,,,
0NTMdiBP1zniyBP96iNFsc,All This,Mac Miller,3Nud9wWV0NgJaIhxKgA5Yd,,,,
4AFsRbaLKRWo3dDtjDFA2V,Me and Your Mama,Childish Gambino,3Nud9wWV0NgJaIhxKgA5Yd,,,,
0WtDGnWL2KrMCk0mI1Gpwz,Redbone,Childish Gambino,3Nud9wWV0NgJaIhxKgA5Yd,,,,
